{
  "strat_daily": {
    "_status": "ok",
    "n": 241,
    "B": 10000,
    "n_boot_valid": 10000,
    "p_stationary": 0.1,
    "expected_block_length": 10.0,
    "point_estimate": -0.0012198048473222906,
    "ci_lo": -0.002263464121575273,
    "ci_hi": -0.00019208465147819957,
    "alpha": 0.05,
    "straddles_zero": false,
    "p_value_h0_zero": 0.0224,
    "median_boot": -0.0012208167863018416
  },
  "alpha_daily": {
    "_status": "ok",
    "n": 240,
    "B": 10000,
    "n_boot_valid": 10000,
    "p_stationary": 0.1,
    "expected_block_length": 10.0,
    "point_estimate": -0.002844770758328176,
    "ci_lo": -0.004185476190883744,
    "ci_hi": -0.0013743000476020978,
    "alpha": 0.05,
    "straddles_zero": false,
    "p_value_h0_zero": 0.0,
    "median_boot": -0.0028636207920807524
  },
  "alpha_annualized": {
    "point": -0.5122263691115823,
    "lo": -0.6524870933169951,
    "hi": -0.29288488639682886
  },
  "backtest_summary": {
    "cagr": -0.27657148776538654,
    "sharpe_annualized": -1.6413572729787518,
    "max_drawdown": -0.2736,
    "final_nav": 7360490.44,
    "n_total_trades": 2336
  }
}