{
  "strat_daily": {
    "_status": "ok",
    "n": 4949,
    "B": 10000,
    "n_boot_valid": 10000,
    "p_stationary": 0.1,
    "expected_block_length": 10.0,
    "point_estimate": -2.868651420884806e-05,
    "ci_lo": -0.00016408740516569677,
    "ci_hi": 0.00010719653516852886,
    "alpha": 0.05,
    "straddles_zero": true,
    "p_value_h0_zero": 0.6784,
    "median_boot": -2.7739152366269964e-05
  },
  "alpha_daily": {
    "_status": "ok",
    "n": 4938,
    "B": 10000,
    "n_boot_valid": 10000,
    "p_stationary": 0.1,
    "expected_block_length": 10.0,
    "point_estimate": -7.384135108396568e-05,
    "ci_lo": -0.0007148448419776151,
    "ci_hi": 0.0005530884988115877,
    "alpha": 0.05,
    "straddles_zero": true,
    "p_value_h0_zero": 0.8118,
    "median_boot": -7.244313328707442e-05
  },
  "alpha_annualized": {
    "point": -0.018436634534867213,
    "lo": -0.16490126638869773,
    "hi": 0.14951460612025702
  },
  "backtest_summary": {
    "cagr": -0.014428454926157741,
    "sharpe_annualized": -0.05984818153945747,
    "max_drawdown": -0.2727,
    "final_nav": 7516529.31,
    "n_total_trades": 8607
  }
}