{
  "_meta": {
    "strat_input": "public/data/backtest_results_iter11_smooth3.json",
    "bench_input": "public/data/backtest_results_iter11_smooth3.json",
    "B": 10000,
    "block_length_months": 6,
    "p_stationary": 0.16666666666666666,
    "seed": 42,
    "alpha": 0.05,
    "honesty": "Politis-Romano stationary bootstrap; CI straddling 0 = no edge evidence"
  },
  "strat_n_months": 244,
  "strat_mean_monthly": {
    "_status": "ok",
    "n": 244,
    "B": 10000,
    "n_boot_valid": 10000,
    "p_stationary": 0.16666666666666666,
    "expected_block_length": 6.0,
    "point_estimate": 0.005129252935921924,
    "ci_lo": -0.0013592532896868825,
    "ci_hi": 0.012802466005714932,
    "alpha": 0.05,
    "straddles_zero": true,
    "p_value_h0_zero": 0.1532,
    "median_boot": 0.0048530394144941395
  },
  "strat_cagr": {
    "_status": "ok",
    "n": 244,
    "B": 10000,
    "n_boot_valid": 10000,
    "p_stationary": 0.16666666666666666,
    "expected_block_length": 6.0,
    "point_estimate": 0.04911054853355035,
    "ci_lo": -0.027720951279904704,
    "ci_hi": 0.14593884259662548,
    "alpha": 0.05,
    "straddles_zero": true,
    "p_value_h0_zero": 0.2576,
    "median_boot": 0.04600301173174004
  },
  "strat_sharpe": {
    "_status": "ok",
    "n": 244,
    "B": 10000,
    "n_boot_valid": 10000,
    "p_stationary": 0.16666666666666666,
    "expected_block_length": 6.0,
    "point_estimate": 0.3680843144139376,
    "ci_lo": -0.10514959637805511,
    "ci_hi": 0.8199475947517584,
    "alpha": 0.05,
    "straddles_zero": true,
    "p_value_h0_zero": 0.1246,
    "median_boot": 0.35544156290028
  },
  "alpha_series_n": 244,
  "alpha_mean_monthly": {
    "_status": "ok",
    "n": 244,
    "B": 10000,
    "n_boot_valid": 10000,
    "p_stationary": 0.16666666666666666,
    "expected_block_length": 6.0,
    "point_estimate": -0.00855059276608743,
    "ci_lo": -0.020015421654521887,
    "ci_hi": 0.0012474592382137383,
    "alpha": 0.05,
    "straddles_zero": true,
    "p_value_h0_zero": 0.1131,
    "median_boot": -0.00838855024056006
  },
  "alpha_annualized": {
    "_status": "ok",
    "n": 244,
    "B": 10000,
    "n_boot_valid": 10000,
    "p_stationary": 0.16666666666666666,
    "expected_block_length": 6.0,
    "point_estimate": -0.09791660341789943,
    "ci_lo": -0.21543144666767233,
    "ci_hi": 0.015072645332688372,
    "alpha": 0.05,
    "straddles_zero": true,
    "p_value_h0_zero": 0.0977,
    "median_boot": -0.09614577364718002
  }
}