{
  "strat_daily": {
    "_status": "ok",
    "n": 241,
    "B": 10000,
    "n_boot_valid": 10000,
    "p_stationary": 0.1,
    "expected_block_length": 10.0,
    "point_estimate": -0.00038966340399022967,
    "ci_lo": -0.001308387630343251,
    "ci_hi": 0.0005668028016116394,
    "alpha": 0.05,
    "straddles_zero": true,
    "p_value_h0_zero": 0.4113,
    "median_boot": -0.0004066226373372741
  },
  "alpha_daily": {
    "_status": "ok",
    "n": 240,
    "B": 10000,
    "n_boot_valid": 10000,
    "p_stationary": 0.1,
    "expected_block_length": 10.0,
    "point_estimate": -0.002238461401268767,
    "ci_lo": -0.0036496176951174627,
    "ci_hi": -0.0007770468598880466,
    "alpha": 0.05,
    "straddles_zero": false,
    "p_value_h0_zero": 0.002,
    "median_boot": -0.0022450029130800173
  },
  "alpha_annualized": {
    "point": -0.43148328612170417,
    "lo": -0.6020329384905427,
    "hi": -0.1778989233209468
  },
  "backtest_summary": {
    "cagr": -0.10161071581818137,
    "sharpe_annualized": -0.7166323262630548,
    "max_drawdown": -0.1402,
    "final_nav": 9006637.17,
    "n_total_trades": 2918
  }
}