{
  "_meta": {
    "strat_input": "public/data/backtest_results_iter10_quarterly.json",
    "bench_input": "public/data/backtest_results_iter10_quarterly.json",
    "B": 10000,
    "block_length_months": 4,
    "p_stationary": 0.25,
    "seed": 42,
    "alpha": 0.05,
    "honesty": "Politis-Romano stationary bootstrap; CI straddling 0 = no edge evidence"
  },
  "strat_n_months": 81,
  "strat_mean_monthly": {
    "_status": "ok",
    "n": 81,
    "B": 10000,
    "n_boot_valid": 10000,
    "p_stationary": 0.25,
    "expected_block_length": 4.0,
    "point_estimate": 0.007115084242324174,
    "ci_lo": -0.008636449659285192,
    "ci_hi": 0.02512731849140033,
    "alpha": 0.05,
    "straddles_zero": true,
    "p_value_h0_zero": 0.405,
    "median_boot": 0.006534472434176719
  },
  "strat_cagr": {
    "_status": "ok",
    "n": 81,
    "B": 10000,
    "n_boot_valid": 10000,
    "p_stationary": 0.25,
    "expected_block_length": 4.0,
    "point_estimate": 0.05556343955911314,
    "ci_lo": -0.12030601976925048,
    "ci_hi": 0.29086069688802607,
    "alpha": 0.05,
    "straddles_zero": true,
    "p_value_h0_zero": 0.5848,
    "median_boot": 0.049703441771408174
  },
  "strat_sharpe": {
    "_status": "ok",
    "n": 81,
    "B": 10000,
    "n_boot_valid": 10000,
    "p_stationary": 0.25,
    "expected_block_length": 4.0,
    "point_estimate": 0.3280383411743283,
    "ci_lo": -0.5251200339364716,
    "ci_hi": 1.00493252569044,
    "alpha": 0.05,
    "straddles_zero": true,
    "p_value_h0_zero": 0.3889,
    "median_boot": 0.31836694085933204
  },
  "alpha_series_n": 81,
  "alpha_mean_monthly": {
    "_status": "ok",
    "n": 81,
    "B": 10000,
    "n_boot_valid": 10000,
    "p_stationary": 0.25,
    "expected_block_length": 4.0,
    "point_estimate": -0.03133814382210041,
    "ci_lo": -0.06647225328545045,
    "ci_hi": -0.0015803184930241307,
    "alpha": 0.05,
    "straddles_zero": false,
    "p_value_h0_zero": 0.0557,
    "median_boot": -0.030280484874566655
  },
  "alpha_annualized": {
    "_status": "ok",
    "n": 81,
    "B": 10000,
    "n_boot_valid": 10000,
    "p_stationary": 0.25,
    "expected_block_length": 4.0,
    "point_estimate": -0.31755700246371454,
    "ci_lo": -0.5619468888068728,
    "ci_hi": -0.01879985827864905,
    "alpha": 0.05,
    "straddles_zero": false,
    "p_value_h0_zero": 0.022,
    "median_boot": -0.30856138843043357
  }
}